,Course title,Course price,Course rating,Course method,Brief description,Course link
0,Microsoft Office 2019 maatwerk Nulmeting - Microsoft Office 365 - Microsoft Office - onbeperkt,â‚¬ 230,"Opleiderscore: star 8,9 ",E-Learning,"ğŸ—‚ Microsoft Office 2019 Maatwerk Nulmeting kortingspakket| ğŸ‡³ğŸ‡± Taal: Nederlands | ğŸ—“ Abonnement: per jaar | ğŸ¯Vakgebieden: IT, persoonlijk, inâ€¦",https://www.springest.nl//oem-office-elearning-menu/microsoft-office-2019-maatwerk
1,AANBIEDING!: IT & Projectmanagement (abonnementen) - onbeperkt - Abonnementen voor onbeperkt online leren - IT Management & Strategie - ITIâ€¦,â‚¬ 777,"Opleiderscore: star 8,9 ",E-Learning,"ğŸ—‚ 1000+ online cursussen | ğŸ‡¬ğŸ‡§ Taal: Engels | ğŸ—“ Abonnement: per jaar | ğŸ¯Vakgebieden: IT, persoonlijk, projectmanagement, Data Science, interâ€¦",https://www.springest.nl//oem-office-elearning-menu/onbeperkt-it-e-leren-abonnement
2,StuddyÂ® | Jouw abonnement voor onbeperkt leren!,"â‚¬ 179,50","Opleiderscore: star 9,6 ",E-Learning,"StuddyÂ® | ğŸ—‚ 900+ cursussen, audioboeken, kranten, testen| ğŸ‡³ğŸ‡± Taal: Nederlands | ğŸ—“ Abonnement: per jaar | ğŸ¯Vakgebieden: Taal, Marketing, Perâ€¦",https://www.springest.nl//studdy/studdy-abonnement
3,Microsoft Office 2019 Basis Gevorderd Expert - Microsoft Office 365 - Microsoft Office - onbeperkt,â‚¬ 230,"Opleiderscore: star 8,9 ",E-Learning,"ğŸ—‚ Microsoft Office 2019 Basis Gevorderd Expert kortingspakket| ğŸ‡³ğŸ‡± Taal: Nederlands | ğŸ—“ Abonnement: per jaar | ğŸ¯Vakgebieden: IT, persoonlijkâ€¦",https://www.springest.nl//oem-office-elearning-menu/microsoft-office-2019-basis-gevorderd-expert
4,Onbeperkt leren: Abonnement Gezondheid,â‚¬ 199,"Opleiderscore: star 9,5 ",E-Learning,"ğŸ—‚ 86 online cursussen | ğŸ‡³ğŸ‡± Taal: Nederlands | ğŸ—“ Abonnement: per jaar | ğŸ¯Vakgebieden: gezondheid, persoonlijk, burn-out, thuiswerken, stressâ€¦",https://www.springest.nl//stichting-gezondheid-nederland/onbeperkt-leren-abonnement-gezondheid
5,Onbeperkt Leren: abonnement Persoonlijke Ontwikkeling en 21st century skills,â‚¬ 199,"Opleiderscore: star 9,5 ",E-Learning,"ğŸ—‚ 72 online cursussen | ğŸ‡³ğŸ‡± Taal: Nederlands | ğŸ—“ Abonnement: per jaar | ğŸ¯Vakgebieden: persoonlijk, sales, webdevelopment, Microsoft, productiâ€¦",https://www.springest.nl//stichting-gezondheid-nederland/onbeperkt-leren-abonnement-persoonlijke-ontwikkeling-en-21st-century-skills
6,Onbeperkt Leren: Interplein & Stichting Gezondheid abonnement,â‚¬ 299,"Opleiderscore: star 9,5 ",E-Learning,"ğŸ—‚ 300 online cursussen | ğŸ‡³ğŸ‡± Taal: Nederlands | ğŸ—“ Abonnement: per jaar | ğŸ¯Vakgebieden: gezondheid, taal, marketing, persoonlijk, internet, bâ€¦",https://www.springest.nl//stichting-gezondheid-nederland/onbeperkt-leren-interplein-stichting-gezondheid-abonnement
7,70-742 Identity with Windows Server 2016 - MCSA Windows Server 2016,â‚¬ 369,"Opleiderscore: star 8,9 ",E-Learning,"ğŸ—‚ 70-742 Identity with Windows Server 2016 - MCSA Windows Server 2016| ğŸ‡¬ğŸ‡§ Taal: Engels | ğŸ—“ Abonnement: per jaar | ğŸ¯Vakgebieden: IT, persoonâ€¦",https://www.springest.nl//oem-office-elearning-menu/70-742-identity-with-windows-server-2016
8,Microsoft Office 365 - Maatwerk Nulmeting - Microsoft Office - Microsoft Office 2019 - onbeperkt,â‚¬ 230,"Opleiderscore: star 8,9 ",E-Learning,"ğŸ—‚ Microsoft Office 365 v 2019 Maatwerk Nulmeting kortingspakket| ğŸ‡³ğŸ‡± Taal: Nederlands | ğŸ—“ Abonnement: per jaar | ğŸ¯Vakgebieden: IT, persoonliâ€¦",https://www.springest.nl//oem-office-elearning-menu/microsoft-office-365-maatwerk-nulmeting-microsoft-office-microsoft-office-2019-onbeperkt
9,70-414 Windows Server 2012 Trainingspakket,â‚¬ 349,"Opleiderscore: star 8,9 ",E-Learning,"ğŸ—‚ 70-414 Implementing an Advanced Server Infrastructure Online| ğŸ‡¬ğŸ‡§ Taal: Engels | ğŸ—“ Abonnement: per jaar | ğŸ¯Vakgebieden: IT, persoonlijk, iâ€¦",https://www.springest.nl//oem-office-elearning-menu/70-414-implementing-an-advanced-server-infrastructure
10,VMware - VMware VCP5-Datacenter Virtualization (CP5-DCV) - Virtualization - VMware vCloud,â‚¬ 379,"Opleiderscore: star 8,9 ",E-Learning,"ğŸ—‚ VMware VCP5-Datacenter Virtualization CP5-DCV| ğŸ‡¬ğŸ‡§ Taal: Engels | ğŸ—“ Abonnement: per jaar | ğŸ¯Vakgebieden: IT, persoonlijk, internet.ğŸ“² PC, mâ€¦",https://www.springest.nl//oem-office-elearning-menu/vmware-vcp5-datacenter-virtualization-cp5-dcv
11,Amazon Web Services AWS: AWS Certified Cloud Practitioner CLF-C01 â€“ 2022 update - Cloud Computing - Cloud Security - Cyber Security - IT Beâ€¦,â‚¬ 369,"Opleiderscore: star 8,9 ",E-Learning,"ğŸ—‚ AWS Certified Cloud Practitioner CLF-C01 â€“ 2022 update| ğŸ‡¬ğŸ‡§ Taal: Engels | ğŸ—“ Abonnement: per jaar | ğŸ¯Vakgebieden: IT, persoonlijk, interneâ€¦",https://www.springest.nl//oem-office-elearning-menu/aws-certified-cloud-practitioner
12,Microsoft Azure: Microsoft Azure AZ-301 Architect Design,â‚¬ 369,"Opleiderscore: star 8,9 ",E-Learning,"ğŸ—‚ Microsoft Azure AZ-301 Architect Design| ğŸ‡¬ğŸ‡§ Taal: Engels | ğŸ—“ Abonnement: per jaar | ğŸ¯Vakgebieden: IT, persoonlijk, internet.ğŸ“² PC, mobiel,â€¦",https://www.springest.nl//oem-office-elearning-menu/az-301-microsoft-azure-architect-design
13,Administering Microsoft SQL Server 2012 Databases exam 70-462 - SQL - SQL Server- Microsoft SQL Server,â‚¬ 369,"Opleiderscore: star 8,9 ",E-Learning,"ğŸ—‚ Developing SQL Databases 70-762| ğŸ‡¬ğŸ‡§ Taal: Engels | ğŸ—“ Abonnement: per jaar | ğŸ¯Vakgebieden: IT, persoonlijk, internet.ğŸ“² PC, mobiel, tablet â€¦",https://www.springest.nl//oem-office-elearning-menu/administering-microsoft-sql-server-2012-databases-exam-70-462
14,MD-101 Managing Modern Desktops - Microsoft Windows 10,â‚¬ 359,"Opleiderscore: star 8,9 ",E-Learning,"ğŸ—‚ MD-101 Managing Modern Desktops| ğŸ‡¬ğŸ‡§ Taal: Engels | ğŸ—“ Abonnement: per jaar | ğŸ¯Vakgebieden: IT, persoonlijk, internet.ğŸ“² PC, mobiel, tablet â€¦",https://www.springest.nl//oem-office-elearning-menu/md-101-managing-modern-desktops-certificeringspakket
15,Cisco: 200-301 CCNA Implementing and Administering Cisco Solutions - Cisco Associate CCNA / CCDA,â‚¬ 369,"Opleiderscore: star 8,9 ",E-Learning,"ğŸ—‚ Cisco Certified Network Associate CCNA Exam 200-301| ğŸ‡¬ğŸ‡§ Taal: Engels | ğŸ—“ Abonnement: per jaar | ğŸ¯Vakgebieden: IT, persoonlijk, internet.ğŸ“²â€¦",https://www.springest.nl//oem-office-elearning-menu/200-301-implementing-and-administering-cisco-solutions-ccna
16,Microsoft Azure Architecting Solutions examen 70-534 - Nosql - SQL  - Databases - Database ontwerp / design,â‚¬ 369,"Opleiderscore: star 8,9 ",E-Learning,"ğŸ—‚ 70-534 Microsoft Azure Architecting Solutions| ğŸ‡¬ğŸ‡§ Taal: Engels | ğŸ—“ Abonnement: per jaar | ğŸ¯Vakgebieden: IT, persoonlijk, internet.ğŸ“² PC, mâ€¦",https://www.springest.nl//oem-office-elearning-menu/microsoft-azure-architecting-solutions-examen-70-534
17,70-417 Upgrading Your Skills to MCSA Windows Server 2012,â‚¬ 99,"Opleiderscore: star 8,9 ",Test,"ğŸ—‚ 70-417 Upgrading Your Skills to MCSA Windows Server 2012| ğŸ‡¬ğŸ‡§ Taal: Engels | ğŸ—“ Abonnement: per jaar | ğŸ¯Vakgebieden: IT, persoonlijk, interâ€¦",https://www.springest.nl//oem-office-elearning-menu/70-417-upgrading-your-skills-to-mcsa-windows-server-2012
18,Cisco: Cisco 350-701 Implementing and Operating Cisco Security Core Technologies SCOR,â‚¬ 279,"Opleiderscore: star 8,9 ",E-Learning,ğŸ—‚ Cisco 350-701 Implementing and Operating Cisco Security Core Technologies SCOR| ğŸ‡¬ğŸ‡§ Taal: Engels | ğŸ—“ Abonnement: per jaar | ğŸ¯Vakgebieden: â€¦,https://www.springest.nl//oem-office-elearning-menu/cisco-cisco-350-701-implementing-and-operating-cisco-security-core-technologies
19,DP-900 Microsoft Azure Data Fundamentals - Microsoft Azure - Azure IaaS - Cloud Computing - Windows Azure- SQL - Big Data,â‚¬ 299,"Opleiderscore: star 8,9 ",E-Learning,"ğŸ—‚ DP-900 Microsoft Azure Data Fundamentals certificeringspakket| ğŸ‡¬ğŸ‡§ Taal: Engels | ğŸ—“ Abonnement: per jaar | ğŸ¯Vakgebieden: IT, persoonlijk, â€¦",https://www.springest.nl//oem-office-elearning-menu/dp-900-microsoft-azure-data-fundamentals-certkit
20,Exam DA-100: Analyzing Data with Microsoft Power BI - Business Intelligence - Business Analyse,â‚¬ 369,"Opleiderscore: star 8,9 ",E-Learning,"ğŸ—‚ Microsoft DA-100 Analyzing Data with Microsoft Power BI| ğŸ‡¬ğŸ‡§ Taal: Engels | ğŸ—“ Abonnement: per jaar | ğŸ¯Vakgebieden: IT, persoonlijk, internâ€¦",https://www.springest.nl//oem-office-elearning-menu/microsoft-da-100-analyzing-data-with-microsoft-power-bi
21,70-357 Developing Mobile Apps Trainingspakket,â‚¬ 299,"Opleiderscore: star 8,9 ",E-Learning,"ğŸ—‚ 1Z0-815 Java SE 11 Programmer I - Programmeren (algemeen)| ğŸ‡¬ğŸ‡§ Taal: Engels | ğŸ—“ Abonnement: per jaar | ğŸ¯Vakgebieden: IT, persoonlijk, inteâ€¦",https://www.springest.nl//oem-office-elearning-menu/70-357-developing-mobile-apps
22,Certified Ethical Hacker CEH v11 - Ethical Hacking - EC-Council - IT Beveiliging / Security - IT Security,â‚¬ 369,"Opleiderscore: star 8,9 ",E-Learning,"ğŸ—‚ Certified Ethical Hacker (CEH) v11| ğŸ‡¬ğŸ‡§ Taal: Engels | ğŸ—“ Abonnement: per jaar | ğŸ¯Vakgebieden: IT, persoonlijk, internet.ğŸ“² PC, mobiel, tablâ€¦",https://www.springest.nl//oem-office-elearning-menu/certified-ethical-hacker-ceh-v11
23,MS-100 Microsoft 365 Identity and Services - Microsoft Azure - Cloud Computing - Windows Azure,â‚¬ 359,"Opleiderscore: star 8,9 ",E-Learning,"ğŸ—‚ MS-100 Microsoft 365 Identity and Services| ğŸ‡¬ğŸ‡§ Taal: Engels | ğŸ—“ Abonnement: per jaar | ğŸ¯Vakgebieden: IT, persoonlijk, internet.ğŸ“² PC, mobiâ€¦",https://www.springest.nl//oem-office-elearning-menu/ms-100-microsoft-365-identity-and-services-2
24,1Z0-815 Java SE 11 Programmer I - Programmeren (algemeen),â‚¬ 369,"Opleiderscore: star 8,9 ",E-Learning,"ğŸ—‚ 1Z0-815 Java SE 11 Programmer I - Programmeren (algemeen)| ğŸ‡¬ğŸ‡§ Taal: Engels | ğŸ—“ Abonnement: per jaar | ğŸ¯Vakgebieden: IT, persoonlijk, inteâ€¦",https://www.springest.nl//oem-office-elearning-menu/1z0-815-java-se-11-programmer-i
25,Microsoft 365 Fundamentals MS-900 - Cloud Computing - Microsoft Windows 10- Microsoft Azure - Windows Azure - Microsoft Sharepoint Server,â‚¬ 369,"Opleiderscore: star 8,9 ",E-Learning,"ğŸ—‚ Microsoft 365 Fundamentals MS-900 certificeringspakket| ğŸ‡¬ğŸ‡§ Taal: Engels | ğŸ—“ Abonnement: per jaar | ğŸ¯Vakgebieden: IT, persoonlijk, interneâ€¦",https://www.springest.nl//oem-office-elearning-menu/ms-900-microsoft-365-fundamentals-2
26,SSCP: Systems Security Certified Practitioner SSCP 2018 - Cyber Security - Cloud Security - Security Engineer - IT Beveiliging / Security -â€¦,â‚¬ 299,"Opleiderscore: star 8,9 ",E-Learning,"ğŸ—‚ SSCP Systems Security Certified Practitioner 2018| ğŸ‡¬ğŸ‡§ Taal: Engels | ğŸ—“ Abonnement: per jaar | ğŸ¯Vakgebieden: IT, persoonlijk, internet.ğŸ“² Pâ€¦",https://www.springest.nl//oem-office-elearning-menu/isc-2-systems-security-certified-practitioner-sscp
27,Amazon Web Services AWS: AWS Certified DevOps Engineer â€“ Professional (DOP-C01) - Cloud Computing - Cloud Security - Cyber Security - IT Beâ€¦,â‚¬ 369,"Opleiderscore: star 8,9 ",E-Learning,"ğŸ—‚ AWS Certified DevOps Engineer â€“ Professional (DOP-C01)| ğŸ‡¬ğŸ‡§ Taal: Engels | ğŸ—“ Abonnement: per jaar | ğŸ¯Vakgebieden: IT, persoonlijk, interneâ€¦",https://www.springest.nl//oem-office-elearning-menu/amazon-web-services-aws-aws-certified-devops-engineer-professional-dop-c01
28,CISSP / Certified Information Systems Security Professional 2018 / IT Beveiliging / Security/ Informatiebeveiliging / IT Auditing & Governaâ€¦,â‚¬ 369,"Opleiderscore: star 8,9 ",E-Learning,"ğŸ—‚ Certified Information Systems Security Professional CISSP 2018| ğŸ‡¬ğŸ‡§ Taal: Engels | ğŸ—“ Abonnement: per jaar | ğŸ¯Vakgebieden: IT, persoonlijk,â€¦",https://www.springest.nl//oem-office-elearning-menu/certified-information-systems-security-professional-cissp
29,Cisco: Cisco 300-115 Implementing Cisco IP Switched Networks,â‚¬ 369,"Opleiderscore: star 8,9 ",E-Learning,"ğŸ—‚ Cisco 300-115 Implementing Cisco IP Switched Networks| ğŸ‡¬ğŸ‡§ Taal: Engels | ğŸ—“ Abonnement: per jaar | ğŸ¯Vakgebieden: IT, persoonlijk, internetâ€¦",https://www.springest.nl//oem-office-elearning-menu/cisco-300-115-implementing-cisco-ip-switched-networks-switch-v-2-0
30,Cisco: 350-601 DCCOR Implementing and Operating Cisco Data Center Core Technologies - Cisco DCCOR,â‚¬ 239,"Opleiderscore: star 8,9 ",E-Learning,"ğŸ—‚ 350-601 Implementing Cisco Data Center Core Technologies DCCOR| ğŸ‡¬ğŸ‡§ Taal: Engels | ğŸ—“ Abonnement: per jaar | ğŸ¯Vakgebieden: IT, persoonlijk,â€¦",https://www.springest.nl//oem-office-elearning-menu/cisco-350-601-dcco
31,Cisco CCNP Enterprice ENCOR exam: 350-401 - Cisco Professional (CCDP / CCNP) -,â‚¬ 369,"Opleiderscore: star 8,9 ",E-Learning,"ğŸ—‚ Cisco 350-401 CCNP Enterprice ENCOR| ğŸ‡¬ğŸ‡§ Taal: Engels | ğŸ—“ Abonnement: per jaar | ğŸ¯Vakgebieden: IT, persoonlijk, internet.ğŸ“² PC, mobiel, tabâ€¦",https://www.springest.nl//oem-office-elearning-menu/cisco-350-401-implementing-cisco-enterprise-network-core-technologies
32,Microsoft Power BI Data Analyst PL-300 - Microsoft Power Platform - Microsoft Power Automate - Power BI - Business Intelligence - Business â€¦,â‚¬ 299,"Opleiderscore: star 8,9 ",E-Learning,"ğŸ—‚ Microsoft Power BI Data Analyst PL-300 certificeringspakket| ğŸ‡¬ğŸ‡§ Taal: Engels | ğŸ—“ Abonnement: per jaar | ğŸ¯Vakgebieden: IT, persoonlijk, inâ€¦",https://www.springest.nl//oem-office-elearning-menu/pl-300-microsoft-power-bi-data-analyst-2
33,70-334 Microsoft Skype for Business 2015 Trainingspakket,â‚¬ 299,"Opleiderscore: star 8,9 ",E-Learning,"ğŸ—‚ 70-334 Microsoft Skype for Business 2015 Trainingspakket| ğŸ‡¬ğŸ‡§ Taal: Engels | ğŸ—“ Abonnement: per jaar | ğŸ¯Vakgebieden: IT, persoonlijk, interâ€¦",https://www.springest.nl//oem-office-elearning-menu/70-334-core-solutions-of-microsoft-skype-for-business-2015
34,70-341 Core Solutions of Microsoft Exchange Server 2013,â‚¬ 369,"Opleiderscore: star 8,9 ",E-Learning,"ğŸ—‚ 70-341 Core Solutions of Microsoft Exchange Server 2013| ğŸ‡¬ğŸ‡§ Taal: Engels | ğŸ—“ Abonnement: per jaar | ğŸ¯Vakgebieden: IT, persoonlijk, internâ€¦",https://www.springest.nl//oem-office-elearning-menu/70-341-core-solutions-of-microsoft-exchange-server-2013
35,MS-100 Microsoft 365 Identity and Services - Microsoft Azure - Cloud Computing - Windows Azure,â‚¬ 359,"Opleiderscore: star 8,9 ",E-Learning,"ğŸ—‚ MS-100 Microsoft 365 Identity and Services| ğŸ‡¬ğŸ‡§ Taal: Engels | ğŸ—“ Abonnement: per jaar | ğŸ¯Vakgebieden: IT, persoonlijk, internet.ğŸ“² PC, mobiâ€¦",https://www.springest.nl//oem-office-elearning-menu/ms-100-microsoft-365-identity-and-services-2
36,Cisco: Designing for Cisco Internetwork Solutions (DESGN) Exam 200-310,â‚¬ 299,"Opleiderscore: star 8,9 ",E-Learning,"ğŸ—‚ Designing for Cisco Internetwork Solutions (DESGN) Exam 200-310| ğŸ‡¬ğŸ‡§ Taal: Engels | ğŸ—“ Abonnement: per jaar | ğŸ¯Vakgebieden: IT, persoonlijkâ€¦",https://www.springest.nl//oem-office-elearning-menu/cisco-200-310-designing-for-cisco-internetwork-solutions-desgn
37,Microsoft Azure: AZ-300 Microsoft Azure Architect Technologies - Databases - Database ontwerp / design - Windows Azure - Azure IaaS - Cloudâ€¦,â‚¬ 369,"Opleiderscore: star 8,9 ",E-Learning,"ğŸ—‚ AZ-300 Microsoft Azure Architect Technologies| ğŸ‡¬ğŸ‡§ Taal: Engels | ğŸ—“ Abonnement: per jaar | ğŸ¯Vakgebieden: IT, persoonlijk, internet.ğŸ“² PC, mâ€¦",https://www.springest.nl//oem-office-elearning-menu/az-300-microsoft-azure-architect-technologies-2
38,AZ-400 Microsoft Azure DevOps Solutions  - Microsoft Azure - Cloud Computing - Windows Azure - DevOps,â‚¬ 299,"Opleiderscore: star 8,9 ",E-Learning,"ğŸ—‚ AZ-400 Microsoft Azure DevOps Solutions| ğŸ‡¬ğŸ‡§ Taal: Engels | ğŸ—“ Abonnement: per jaar | ğŸ¯Vakgebieden: IT, persoonlijk, internet.ğŸ“² PC, mobiel,â€¦",https://www.springest.nl//oem-office-elearning-menu/azure-az-400-microsoft-azure-devops-solutions
39,Cisco 200-901 DevNet Associate,â‚¬ 299,"Opleiderscore: star 8,9 ",E-Learning,"ğŸ—‚ Cisco 200-901 DevNet Associate| ğŸ‡¬ğŸ‡§ Taal: Engels | ğŸ—“ Abonnement: per jaar | ğŸ¯Vakgebieden: IT, persoonlijk, internet.ğŸ“² PC, mobiel, tablet |â€¦",https://www.springest.nl//oem-office-elearning-menu/cisco-200-901-devnet-associate
40,Microsoft MS-203: MS-203 Microsoft 365,â‚¬ 369,"Opleiderscore: star 8,9 ",E-Learning,"ğŸ—‚ MS-203 Microsoft 365 Messaging | ğŸ‡¬ğŸ‡§ Taal: Engels | ğŸ—“ Abonnement: per jaar | ğŸ¯Vakgebieden: IT, persoonlijk, internet.ğŸ“² PC, mobiel, tablet â€¦",https://www.springest.nl//oem-office-elearning-menu/ms-203-microsoft-365-messaging
41,Cisco: Cisco 300-410 Implementing Cisco Enterprise Advanced Routing and Services ENARSI,â‚¬ 369,"Opleiderscore: star 8,9 ",E-Learning,ğŸ—‚ Cisco 300-410 Implementing Cisco Enterprise Advanced Routing and Services ENARSI| ğŸ‡¬ğŸ‡§ Taal: Engels | ğŸ—“ Abonnement: per jaar | ğŸ¯Vakgebiedenâ€¦,https://www.springest.nl//oem-office-elearning-menu/cisco-cisco-300-410-implementing-cisco-enterprise-advanced-routing-and-services
42,Cisco: Cisco 200-201 Understanding Cisco Cybersecurity Operations Fundamentals (CBROPS) - IT voor niet IT-ers,â‚¬ 369,"Opleiderscore: star 8,9 ",E-Learning,ğŸ—‚ Cisco 200-201 Understanding Cisco Cybersecurity Operations Fundamentals (CBROPS)| ğŸ‡¬ğŸ‡§ Taal: Engels | ğŸ—“ Abonnement: per jaar | ğŸ¯Vakgebiedenâ€¦,https://www.springest.nl//oem-office-elearning-menu/cisco-cisco-200-201-understanding-cisco-cybersecurity-operations-fundamentals-cbrops
43,AZ-305 Designing Microsoft Azure Infrastructure Solutions - Microsoft Azure - Cloud Computing - Windows Azure,â‚¬ 299,"Opleiderscore: star 8,9 ",E-Learning,"ğŸ—‚ AZ-305 Designing Microsoft Azure Infrastructure Solutions| ğŸ‡¬ğŸ‡§ Taal: Engels | ğŸ—“ Abonnement: per jaar | ğŸ¯Vakgebieden: IT, persoonlijk, inteâ€¦",https://www.springest.nl//oem-office-elearning-menu/designing-microsoft-azure-infrastructure-solutions-az-305
44,Amazon Web Services AWS: AWS Certified Developer - Associate DVA-C01 - Cloud Computing - Cloud Security - Cyber Security - IT Beveiliging /â€¦,â‚¬ 369,"Opleiderscore: star 8,9 ",E-Learning,"ğŸ—‚ AWS Certified Developer - Associate DVA-C01| ğŸ‡¬ğŸ‡§ Taal: Engels | ğŸ—“ Abonnement: per jaar | ğŸ¯Vakgebieden: IT, persoonlijk, internet.ğŸ“² PC, mobâ€¦",https://www.springest.nl//oem-office-elearning-menu/aws-certified-developer-associate
45,70-497 Software Testing with Visual Studio,â‚¬ 329,"Opleiderscore: star 8,9 ",E-Learning,"ğŸ—‚ 70-497 Software Testing with Visual Studio| ğŸ‡¬ğŸ‡§ Taal: Engels | ğŸ—“ Abonnement: per jaar | ğŸ¯Vakgebieden: IT, persoonlijk, internet.ğŸ“² PC, mobiâ€¦",https://www.springest.nl//oem-office-elearning-menu/70-497-software-testing-with-visual-studio
46,Querying Data with Transact-SQL exam 70-761,â‚¬ 399,"Opleiderscore: star 8,9 ",E-Learning,"ğŸ—‚ Querying Data with Transact-SQL exam 70-761| ğŸ‡¬ğŸ‡§ Taal: Engels | ğŸ—“ Abonnement: per jaar | ğŸ¯Vakgebieden: IT, persoonlijk, internet.ğŸ“² PC, mobâ€¦",https://www.springest.nl//oem-office-elearning-menu/https-www-officeelearningmenu-nl-nl-querying-data-with-transact-sql-exam-70-761-html
47,70-331 Core Solutions of Microsoft SharePoint Server 2013,â‚¬ 379,"Opleiderscore: star 8,9 ",E-Learning,"ğŸ—‚ 70-331 Core Solutions of Microsoft SharePoint Server 2013| ğŸ‡¬ğŸ‡§ Taal: Engels | ğŸ—“ Abonnement: per jaar | ğŸ¯Vakgebieden: IT, persoonlijk, inteâ€¦",https://www.springest.nl//oem-office-elearning-menu/70-331-core-solutions-of-microsoft-sharepoint-server-2013
48,70-414 Implementing an Advanced Server Infrastructure Online,â‚¬ 369,"Opleiderscore: star 8,9 ",E-Learning,"ğŸ—‚ 70-414 Implementing an Advanced Server Infrastructure Online| ğŸ‡¬ğŸ‡§ Taal: Engels | ğŸ—“ Abonnement: per jaar | ğŸ¯Vakgebieden: IT, persoonlijk, iâ€¦",https://www.springest.nl//oem-office-elearning-menu/70-414-implementing-an-advanced-server-infrastructure-online
49,C# 70-483 Programming in C# Update - Programmeren (algemeen),â‚¬ 369,"Opleiderscore: star 8,9 ",E-Learning,"ğŸ—‚ C# 70-483 Programming in C# Update| ğŸ‡¬ğŸ‡§ Taal: Engels | ğŸ—“ Abonnement: per jaar | ğŸ¯Vakgebieden: IT, persoonlijk, internet.ğŸ“² PC, mobiel, tablâ€¦",https://www.springest.nl//oem-office-elearning-menu/70-483-programming-in-c
50,"70-740 Microsoft Windows Server 2016 Installation, Storage and Computing - MCSA Windows Server 2016",â‚¬ 369,"Opleiderscore: star 8,9 ",E-Learning,"ğŸ—‚ 70-740 Microsoft Windows Server 2016 Installation, Storage and Computing - MCSA Windows Server 2016| ğŸ‡¬ğŸ‡§ Taal: Engels | ğŸ—“ Abonnement: per â€¦",https://www.springest.nl//oem-office-elearning-menu/online-training-70-740-microsoft-windows-server-2016-intallation-storage-and-computing
51,Microsoft Azure: MS-101 Microsoft 365 Mobility and Security  - Microsoft Azure - Cloud Computing - Windows Azure - Cloud Security,â‚¬ 369,"Opleiderscore: star 8,9 ",E-Learning,"ğŸ—‚ MS-101 Microsoft 365 Mobility and Security| ğŸ‡¬ğŸ‡§ Taal: Engels | ğŸ—“ Abonnement: per jaar | ğŸ¯Vakgebieden: IT, persoonlijk, internet.ğŸ“² PC, mobiâ€¦",https://www.springest.nl//oem-office-elearning-menu/ms-101-microsoft-365-mobility-and-security-3
52,AZ-900 Microsoft Azure Fundamentals - Microsoft Azure - Cloud Computing - Azure IaaS - Windows Azure- IT voor niet IT-ers - Cloud Security,â‚¬ 369,"Opleiderscore: star 8,9 ",E-Learning,"ğŸ—‚ AZ-900 Microsoft Azure Fundamentals certificeringspakket| ğŸ‡¬ğŸ‡§ Taal: Engels | ğŸ—“ Abonnement: per jaar | ğŸ¯Vakgebieden: IT, persoonlijk, interâ€¦",https://www.springest.nl//oem-office-elearning-menu/microsoft-azure-fundamentals-az-900-update
53,Microsoft Azure: AZ-304 Microsoft Azure Architect Designs - Databases - Database ontwerp / design - Windows Azure - Azure IaaS - Cloud Compâ€¦,â‚¬ 369,"Opleiderscore: star 8,9 ",E-Learning,"ğŸ—‚ AZ-304 Microsoft Azure Architect Designs| ğŸ‡¬ğŸ‡§ Taal: Engels | ğŸ—“ Abonnement: per jaar | ğŸ¯Vakgebieden: IT, persoonlijk, internet.ğŸ“² PC, mobielâ€¦",https://www.springest.nl//oem-office-elearning-menu/az-304-microsoft-azure-architect-designs
54,Cisco: Implementing and Operating Cisco Collaboration Core Technologies CLCOR 350-801,â‚¬ 279,"Opleiderscore: star 8,9 ",E-Learning,ğŸ—‚ Implementing and Operating Cisco Collaboration Core Technologies CLCOR 350-801| ğŸ‡¬ğŸ‡§ Taal: Engels | ğŸ—“ Abonnement: per jaar | ğŸ¯Vakgebieden: â€¦,https://www.springest.nl//oem-office-elearning-menu/cisco-cisco-350-801-implementing-and-operating-cisco-collaboration-core-technologies-clcor
55,MS-700 Managing Microsoft Teams - Microsoft Office 365 - Online communicatie - Digitale communicatie - Vergaderen - Effectief vergaderen - â€¦,â‚¬ 299,"Opleiderscore: star 8,9 ",E-Learning,"ğŸ—‚ MS-700 Managing Microsoft Teams| ğŸ‡¬ğŸ‡§ Taal: Engels | ğŸ—“ Abonnement: per jaar | ğŸ¯Vakgebieden: IT, persoonlijk, internet.ğŸ“² PC, mobiel, tablet â€¦",https://www.springest.nl//oem-office-elearning-menu/microsoft-ms-700-managing-microsoft-teams
56,Project Management Professional PMP 2021 Update - Projectmanagement - Agile Project Management (AgilePM) - PMI-USA / PMBOK - Projectleider â€¦,â‚¬ 369,"Opleiderscore: star 8,9 ",E-Learning,"ğŸ—‚ Project Management Professional PMP 2021| ğŸ‡¬ğŸ‡§ Taal: Engels | ğŸ—“ Abonnement: per jaar | ğŸ¯Vakgebieden: IT, persoonlijk, internet.ğŸ“² PC, mobielâ€¦",https://www.springest.nl//oem-office-elearning-menu/project-management-professional-pmp-2021-update
57,70-357 Developing Mobile Apps Trainingspakket,â‚¬ 299,"Opleiderscore: star 8,9 ",E-Learning,"ğŸ—‚ 1Z0-815 Java SE 11 Programmer I - Programmeren (algemeen)| ğŸ‡¬ğŸ‡§ Taal: Engels | ğŸ—“ Abonnement: per jaar | ğŸ¯Vakgebieden: IT, persoonlijk, inteâ€¦",https://www.springest.nl//oem-office-elearning-menu/70-357-developing-mobile-apps
58,Certified Ethical Hacker CEH v11 - Ethical Hacking - EC-Council - IT Beveiliging / Security - IT Security,â‚¬ 369,"Opleiderscore: star 8,9 ",E-Learning,"ğŸ—‚ Certified Ethical Hacker (CEH) v11| ğŸ‡¬ğŸ‡§ Taal: Engels | ğŸ—“ Abonnement: per jaar | ğŸ¯Vakgebieden: IT, persoonlijk, internet.ğŸ“² PC, mobiel, tablâ€¦",https://www.springest.nl//oem-office-elearning-menu/certified-ethical-hacker-ceh-v11
59,Microsoft Azure: Developing Microsoft Azure and Web Services exam 70-487-Updated,â‚¬ 379,"Opleiderscore: star 8,9 ",E-Learning,"ğŸ—‚ Developing Microsoft Azure and Web Services exam 70-487-Updated| ğŸ‡¬ğŸ‡§ Taal: Engels | ğŸ—“ Abonnement: per jaar | ğŸ¯Vakgebieden: IT, persoonlijkâ€¦",https://www.springest.nl//oem-office-elearning-menu/developing-microsoft-azure-and-web-services-exam-70-487-updated
60,Java: Java SE 8 Programming exam IZ0-808 - J2EE - Java Certified Associate - Java 7 - Java 8 - Programmeren (algemeen) - Functioneel prograâ€¦,â‚¬ 369,"Opleiderscore: star 8,9 ",E-Learning,"ğŸ—‚ Java SE 8 Programming exam IZ0-808| ğŸ‡¬ğŸ‡§ Taal: Engels | ğŸ—“ Abonnement: per jaar | ğŸ¯Vakgebieden: IT, persoonlijk, internet.ğŸ“² PC, mobiel, tablâ€¦",https://www.springest.nl//oem-office-elearning-menu/java-se-8-programming-exam-iz0-808
61,Java: Java SE 8 Programming II exam IZ0-809 - J2EE - Java Certified Associate - Java 7 - Java 8 - Programmeren (algemeen) - Functioneel proâ€¦,â‚¬ 369,"Opleiderscore: star 8,9 ",E-Learning,"ğŸ—‚ Java SE 8 Programming II exam IZ0-809| ğŸ‡¬ğŸ‡§ Taal: Engels | ğŸ—“ Abonnement: per jaar | ğŸ¯Vakgebieden: IT, persoonlijk, internet.ğŸ“² PC, mobiel, tâ€¦",https://www.springest.nl//oem-office-elearning-menu/java-se-8-programming-ii-exam-iz0-809
62,70-347 Enabling Office 365 Services,â‚¬ 369,"Opleiderscore: star 8,9 ",E-Learning,"ğŸ—‚ 70-347 Enabling Office 365 Services| ğŸ‡¬ğŸ‡§ Taal: Engels | ğŸ—“ Abonnement: per jaar | ğŸ¯Vakgebieden: IT, persoonlijk, internet.ğŸ“² PC, mobiel, tabâ€¦",https://www.springest.nl//oem-office-elearning-menu/70-347-enabling-office-365-services
63,SSCP: Systems Security Certified Practitioner SSCP 2021 - Cyber Security - Cloud Security - Security Engineer - IT Beveiliging / Security -â€¦,â‚¬ 299,"Opleiderscore: star 8,9 ",E-Learning,"ğŸ—‚ Systems Security Certified Practitioner SSCP 2021| ğŸ‡¬ğŸ‡§ Taal: Engels | ğŸ—“ Abonnement: per jaar | ğŸ¯Vakgebieden: IT, persoonlijk, internet.ğŸ“² Pâ€¦",https://www.springest.nl//oem-office-elearning-menu/sscp-sscp-systems-security-certified-practitioner-2021
64,AZ-103 Microsoft Azure Administrator - Microsoft Azure - Azure IaaS - Cloud Computing - Windows Azure,â‚¬ 369,"Opleiderscore: star 8,9 ",E-Learning,"ğŸ—‚ AZ-103 Microsoft Azure Administrator| ğŸ‡¬ğŸ‡§ Taal: Engels | ğŸ—“ Abonnement: per jaar | ğŸ¯Vakgebieden: IT, persoonlijk, internet.ğŸ“² PC, mobiel, taâ€¦",https://www.springest.nl//oem-office-elearning-menu/azure-microsoft-azure-administrator-exam-az-103
65,70-465 Designing Database Solutions for SQL Server 2012 - SQL - SQL Server- Microsoft SQL Server,â‚¬ 369,"Opleiderscore: star 8,9 ",E-Learning,ğŸ—‚ 70-465 Designing Database Solutions for SQL Server 2012 - SQL - SQL Server- Microsoft SQL Server| ğŸ‡¬ğŸ‡§ Taal: Engels | ğŸ—“ Abonnement: per jaaâ€¦,https://www.springest.nl//oem-office-elearning-menu/70-465-designing-database-solutions-for-sql-server-2012
66,Microsoft Azure: AZ-303 Microsoft Azure Architect Technologies - Databases - Database ontwerp / design - Windows Azure - Azure IaaS - Cloudâ€¦,â‚¬ 369,"Opleiderscore: star 8,9 ",E-Learning,"ğŸ—‚ AZ-303 Microsoft Azure Architect Technologies| ğŸ‡¬ğŸ‡§ Taal: Engels | ğŸ—“ Abonnement: per jaar | ğŸ¯Vakgebieden: IT, persoonlijk, internet.ğŸ“² PC, mâ€¦",https://www.springest.nl//oem-office-elearning-menu/az-303-microsoft-azure-architect-technologies
67,AZ-500 Microsoft Azure Security Technologies: Microsoft Azure - Cloud Computing - Windows Azure - Cloud Security,â‚¬ 369,"Opleiderscore: star 8,9 ",E-Learning,"ğŸ—‚ AZ-500 Microsoft Azure Security Technologies| ğŸ‡¬ğŸ‡§ Taal: Engels | ğŸ—“ Abonnement: per jaar | ğŸ¯Vakgebieden: IT, persoonlijk, internet.ğŸ“² PC, moâ€¦",https://www.springest.nl//oem-office-elearning-menu/azure-az-500-microsoft-azure-security-technologies
68,Administering a SQL Database Infrastructure exam 70-764 - SQL - SQL Server- Microsoft SQL Server,â‚¬ 399,"Opleiderscore: star 8,9 ",E-Learning,"ğŸ—‚ 70-764 Administering a SQL Database Infrastructure| ğŸ‡¬ğŸ‡§ Taal: Engels | ğŸ—“ Abonnement: per jaar | ğŸ¯Vakgebieden: IT, persoonlijk, internet.ğŸ“² â€¦",https://www.springest.nl//oem-office-elearning-menu/administering-a-sql-database-infrastructure-exam-70-764
69,70-413 Designing and Implementing a Server Infrastructure - MCSA Windows Server 2012 - MCSA - Data protection - IT Beveiliging / Security -â€¦,â‚¬ 369,"Opleiderscore: star 8,9 ",E-Learning,ğŸ—‚ 70-413 Designing and Implementing a Server Infrastructure - MCSA Windows Server 2012 - MCSA - Data protection - IT Beveiliging / Securityâ€¦,https://www.springest.nl//oem-office-elearning-menu/70-413-designing-and-implementing-a-server-infrastructure-2
70,Amazon Web Services AWS: AWS Certified Solutions Architect - Associate SAA-C02 - Cloud Computing - Cloud Security - Cyber Security - IT Bevâ€¦,â‚¬ 379,"Opleiderscore: star 8,9 ",E-Learning,"ğŸ—‚ AWS Certified Solutions Architect - Associate SAA-C02 | ğŸ‡¬ğŸ‡§ Taal: Engels | ğŸ—“ Abonnement: per jaar | ğŸ¯Vakgebieden: IT, persoonlijk, interneâ€¦",https://www.springest.nl//oem-office-elearning-menu/aws-aws-certified-solutions-architect-associate
71,Cisco CCNP Enterprice ENCOR exam: 350-401 - Cisco Professional (CCDP / CCNP) -,â‚¬ 369,"Opleiderscore: star 8,9 ",E-Learning,"ğŸ—‚ Cisco 350-401 CCNP Enterprice ENCOR| ğŸ‡¬ğŸ‡§ Taal: Engels | ğŸ—“ Abonnement: per jaar | ğŸ¯Vakgebieden: IT, persoonlijk, internet.ğŸ“² PC, mobiel, tabâ€¦",https://www.springest.nl//oem-office-elearning-menu/cisco-350-401-implementing-cisco-enterprise-network-core-technologies
72,MD-100: MD-100 Windows 10,â‚¬ 369,"Opleiderscore: star 8,9 ",E-Learning,"ğŸ—‚ MD-100 Windows 10| ğŸ‡¬ğŸ‡§ Taal: Engels | ğŸ—“ Abonnement: per jaar | ğŸ¯Vakgebieden: IT, persoonlijk, internet.ğŸ“² PC, mobiel, tablet | ğŸ—“ Abonnementâ€¦",https://www.springest.nl//oem-office-elearning-menu/microsoft-windows-10-exam-md-100
73,CISSP / Certified Information Systems Security Professional 2021 / IT Beveiliging / Security/ Informatiebeveiliging / IT Auditing & Governaâ€¦,â‚¬ 369,"Opleiderscore: star 8,9 ",E-Learning,"ğŸ—‚ Certified Information Systems Security Professional CISSP 2021| ğŸ‡¬ğŸ‡§ Taal: Engels | ğŸ—“ Abonnement: per jaar | ğŸ¯Vakgebieden: IT, persoonlijk,â€¦",https://www.springest.nl//oem-office-elearning-menu/cissp-certified-information-systems-security-professional-cissp-2021
74,Managing Office 365 Identities and Requirements exam 70-346,â‚¬ 369,"Opleiderscore: star 8,9 ",E-Learning,"ğŸ—‚ Managing Office 365 Identities and Requirements exam 70-346| ğŸ‡¬ğŸ‡§ Taal: Engels | ğŸ—“ Abonnement: per jaar | ğŸ¯Vakgebieden: IT, persoonlijk, inâ€¦",https://www.springest.nl//oem-office-elearning-menu/managing-office-365-identities-and-requirements-exam-70-347
75,Cisco: Interconnecting Cisco Networking Devices Part 2 ( ICND2) 200-105,â‚¬ 369,"Opleiderscore: star 8,9 ",E-Learning,"ğŸ—‚ Interconnecting Cisco Networking Devices Part 2 ( ICND2) 200-105| ğŸ‡¬ğŸ‡§ Taal: Engels | ğŸ—“ Abonnement: per jaar | ğŸ¯Vakgebieden: IT, persoonlijâ€¦",https://www.springest.nl//oem-office-elearning-menu/cisco-200-105-interconnecting-cisco-networking-devices-part-2-icnd2
76,Microsoft 365: MS-300 Deploying Microsoft 365,â‚¬ 359,"Opleiderscore: star 8,9 ",E-Learning,"ğŸ—‚ MS-300 Deploying Microsoft 365 Teamwork| ğŸ‡¬ğŸ‡§ Taal: Engels | ğŸ—“ Abonnement: per jaar | ğŸ¯Vakgebieden: IT, persoonlijk, internet.ğŸ“² PC, mobiel,â€¦",https://www.springest.nl//oem-office-elearning-menu/ms-300-deploying-microsoft-365-teamwork-2
77,Cisco: 200-301 CCNA Implementing and Administering Cisco Solutions - Cisco Associate CCNA / CCDA,â‚¬ 369,"Opleiderscore: star 8,9 ",E-Learning,"ğŸ—‚ Cisco Certified Network Associate CCNA Exam 200-301| ğŸ‡¬ğŸ‡§ Taal: Engels | ğŸ—“ Abonnement: per jaar | ğŸ¯Vakgebieden: IT, persoonlijk, internet.ğŸ“²â€¦",https://www.springest.nl//oem-office-elearning-menu/200-301-implementing-and-administering-cisco-solutions-ccna
78,Microsoft Azure Architecting Solutions examen 70-534 - Nosql - SQL  - Databases - Database ontwerp / design,â‚¬ 369,"Opleiderscore: star 8,9 ",E-Learning,"ğŸ—‚ 70-534 Microsoft Azure Architecting Solutions| ğŸ‡¬ğŸ‡§ Taal: Engels | ğŸ—“ Abonnement: per jaar | ğŸ¯Vakgebieden: IT, persoonlijk, internet.ğŸ“² PC, mâ€¦",https://www.springest.nl//oem-office-elearning-menu/microsoft-azure-architecting-solutions-examen-70-534
79,70-417 Upgrading Your Skills to MCSA Windows Server 2012,â‚¬ 99,"Opleiderscore: star 8,9 ",Test,"ğŸ—‚ 70-417 Upgrading Your Skills to MCSA Windows Server 2012| ğŸ‡¬ğŸ‡§ Taal: Engels | ğŸ—“ Abonnement: per jaar | ğŸ¯Vakgebieden: IT, persoonlijk, interâ€¦",https://www.springest.nl//oem-office-elearning-menu/70-417-upgrading-your-skills-to-mcsa-windows-server-2012
80,Cisco: Cisco 350-701 Implementing and Operating Cisco Security Core Technologies SCOR,â‚¬ 279,"Opleiderscore: star 8,9 ",E-Learning,ğŸ—‚ Cisco 350-701 Implementing and Operating Cisco Security Core Technologies SCOR| ğŸ‡¬ğŸ‡§ Taal: Engels | ğŸ—“ Abonnement: per jaar | ğŸ¯Vakgebieden: â€¦,https://www.springest.nl//oem-office-elearning-menu/cisco-cisco-350-701-implementing-and-operating-cisco-security-core-technologies
81,DP-900 Microsoft Azure Data Fundamentals - Microsoft Azure - Azure IaaS - Cloud Computing - Windows Azure- SQL - Big Data,â‚¬ 299,"Opleiderscore: star 8,9 ",E-Learning,"ğŸ—‚ DP-900 Microsoft Azure Data Fundamentals certificeringspakket| ğŸ‡¬ğŸ‡§ Taal: Engels | ğŸ—“ Abonnement: per jaar | ğŸ¯Vakgebieden: IT, persoonlijk, â€¦",https://www.springest.nl//oem-office-elearning-menu/dp-900-microsoft-azure-data-fundamentals-certkit
82,Exam DA-100: Analyzing Data with Microsoft Power BI - Business Intelligence - Business Analyse,â‚¬ 369,"Opleiderscore: star 8,9 ",E-Learning,"ğŸ—‚ Microsoft DA-100 Analyzing Data with Microsoft Power BI| ğŸ‡¬ğŸ‡§ Taal: Engels | ğŸ—“ Abonnement: per jaar | ğŸ¯Vakgebieden: IT, persoonlijk, internâ€¦",https://www.springest.nl//oem-office-elearning-menu/microsoft-da-100-analyzing-data-with-microsoft-power-bi
83,70-744 Securing Windows Server 2016 - MCSA Windows Server 2016,â‚¬ 389,"Opleiderscore: star 8,9 ",E-Learning,"ğŸ—‚ 70-744 Securing Windows Server 2016 - MCSA Windows Server 2016| ğŸ‡¬ğŸ‡§ Taal: Engels | ğŸ—“ Abonnement: per jaar | ğŸ¯Vakgebieden: IT, persoonlijk,â€¦",https://www.springest.nl//oem-office-elearning-menu/70-744-securing-windows-server-2016
84,70-461 Microsoft SQL Server 2012 Trainingspakket - SQL - SQL Server- Microsoft SQL Server,â‚¬ 369,"Opleiderscore: star 8,9 ",E-Learning,ğŸ—‚ 70-461 Microsoft SQL Server 2012 Trainingspakket - SQL - SQL Server- Microsoft SQL Server| ğŸ‡¬ğŸ‡§ Taal: Engels | ğŸ—“ Abonnement: per jaar | ğŸ¯Vaâ€¦,https://www.springest.nl//oem-office-elearning-menu/querying-microsoft-sql-server-2012-exam-70-461
85,Microsoft 365 Fundamentals MS-900 - Cloud Computing - Microsoft Windows 10- Microsoft Azure - Windows Azure - Microsoft Sharepoint Server,â‚¬ 369,"Opleiderscore: star 8,9 ",E-Learning,"ğŸ—‚ Microsoft 365 Fundamentals MS-900 certificeringspakket| ğŸ‡¬ğŸ‡§ Taal: Engels | ğŸ—“ Abonnement: per jaar | ğŸ¯Vakgebieden: IT, persoonlijk, interneâ€¦",https://www.springest.nl//oem-office-elearning-menu/ms-900-microsoft-365-fundamentals-2
86,CISSP / Certified Information Systems Security Professional 2018 / IT Beveiliging / Security/ Informatiebeveiliging / IT Auditing & Governaâ€¦,â‚¬ 369,"Opleiderscore: star 8,9 ",E-Learning,"ğŸ—‚ Certified Information Systems Security Professional CISSP 2018| ğŸ‡¬ğŸ‡§ Taal: Engels | ğŸ—“ Abonnement: per jaar | ğŸ¯Vakgebieden: IT, persoonlijk,â€¦",https://www.springest.nl//oem-office-elearning-menu/certified-information-systems-security-professional-cissp
87,70-741 Microsoft Windows Server 2016 Networking - MCSA Windows Server 2016,â‚¬ 369,"Opleiderscore: star 8,9 ",E-Learning,"ğŸ—‚ 70-741 Microsoft Windows Server 2016 Networking - MCSA Windows Server 2016| ğŸ‡¬ğŸ‡§ Taal: Engels | ğŸ—“ Abonnement: per jaar | ğŸ¯Vakgebieden: IT, â€¦",https://www.springest.nl//oem-office-elearning-menu/online-training-70-741-microsoft-windows-server-2016-networking-exam-70-741
88,Oracle: Oracle Database 12c â€“ Install and Upgrade 1Z0-062  - Databases - SQL,â‚¬ 299,"Opleiderscore: star 8,9 ",E-Learning,"ğŸ—‚ Oracle Database 12c â€“ Install and Upgrade 1Z0-062| ğŸ‡¬ğŸ‡§ Taal: Engels | ğŸ—“ Abonnement: per jaar | ğŸ¯Vakgebieden: IT, persoonlijk, internet.ğŸ“² Pâ€¦",https://www.springest.nl//oem-office-elearning-menu/oracle-oracle-database-12c-install-and-upgrade-1z0-062
89,1Z0-815 Java SE 11 Programmer I - Programmeren (algemeen),â‚¬ 369,"Opleiderscore: star 8,9 ",E-Learning,"ğŸ—‚ 1Z0-815 Java SE 11 Programmer I - Programmeren (algemeen)| ğŸ‡¬ğŸ‡§ Taal: Engels | ğŸ—“ Abonnement: per jaar | ğŸ¯Vakgebieden: IT, persoonlijk, inteâ€¦",https://www.springest.nl//oem-office-elearning-menu/1z0-815-java-se-11-programmer-i
90,Cisco: Cisco 300-410 Implementing Cisco Enterprise Advanced Routing and Services ENARSI,â‚¬ 369,"Opleiderscore: star 8,9 ",E-Learning,ğŸ—‚ Cisco 300-410 Implementing Cisco Enterprise Advanced Routing and Services ENARSI| ğŸ‡¬ğŸ‡§ Taal: Engels | ğŸ—“ Abonnement: per jaar | ğŸ¯Vakgebiedenâ€¦,https://www.springest.nl//oem-office-elearning-menu/cisco-cisco-300-410-implementing-cisco-enterprise-advanced-routing-and-services
91,Amazon Web Services AWS: AWS Certified Developer - Associate DVA-C01 - Cloud Computing - Cloud Security - Cyber Security - IT Beveiliging /â€¦,â‚¬ 369,"Opleiderscore: star 8,9 ",E-Learning,"ğŸ—‚ AWS Certified Developer - Associate DVA-C01| ğŸ‡¬ğŸ‡§ Taal: Engels | ğŸ—“ Abonnement: per jaar | ğŸ¯Vakgebieden: IT, persoonlijk, internet.ğŸ“² PC, mobâ€¦",https://www.springest.nl//oem-office-elearning-menu/aws-certified-developer-associate
92,70-497 Software Testing with Visual Studio,â‚¬ 329,"Opleiderscore: star 8,9 ",E-Learning,"ğŸ—‚ 70-497 Software Testing with Visual Studio| ğŸ‡¬ğŸ‡§ Taal: Engels | ğŸ—“ Abonnement: per jaar | ğŸ¯Vakgebieden: IT, persoonlijk, internet.ğŸ“² PC, mobiâ€¦",https://www.springest.nl//oem-office-elearning-menu/70-497-software-testing-with-visual-studio
93,70-486 Developing ASP.NET MVC Web Applications,â‚¬ 299,"Opleiderscore: star 8,9 ",E-Learning,"ğŸ—‚ 70-486 Developing ASP.NET MVC Web Applications| ğŸ‡¬ğŸ‡§ Taal: Engels | ğŸ—“ Abonnement: per jaar | ğŸ¯Vakgebieden: IT, persoonlijk, internet.ğŸ“² PC, â€¦",https://www.springest.nl//oem-office-elearning-menu/70-486-developing-asp-net-mvc-4-web-applications
94,AZ-203 Developing Solutions for Microsoft Azure - Microsoft Azure - Azure IaaS - Cloud Computing - Windows Azure - SQL,â‚¬ 369,"Opleiderscore: star 8,9 ",E-Learning,"ğŸ—‚ AZ-203 Developing Solutions for Microsoft Azure| ğŸ‡¬ğŸ‡§ Taal: Engels | ğŸ—“ Abonnement: per jaar | ğŸ¯Vakgebieden: IT, persoonlijk, internet.ğŸ“² PC,â€¦",https://www.springest.nl//oem-office-elearning-menu/az-203-developing-solutions-for-microsoft-azure-2
95,Designing and Implementing Big Data Analytics Solutions examen 70-475,â‚¬ 369,"Opleiderscore: star 8,9 ",E-Learning,"ğŸ—‚ Developing SQL Databases 70-762 | ğŸ‡¬ğŸ‡§ Taal: Engels | ğŸ—“ Abonnement: per jaar | ğŸ¯Vakgebieden: IT, persoonlijk, internet.ğŸ“² PC, mobiel, tabletâ€¦",https://www.springest.nl//oem-office-elearning-menu/designing-and-implementing-big-data-analytics-solutions-examen-70-475
96,70-414 Implementing an Advanced Server Infrastructure Online,â‚¬ 369,"Opleiderscore: star 8,9 ",E-Learning,"ğŸ—‚ 70-414 Implementing an Advanced Server Infrastructure Online| ğŸ‡¬ğŸ‡§ Taal: Engels | ğŸ—“ Abonnement: per jaar | ğŸ¯Vakgebieden: IT, persoonlijk, iâ€¦",https://www.springest.nl//oem-office-elearning-menu/70-414-implementing-an-advanced-server-infrastructure-online
97,C# 70-483 Programming in C# Update - Programmeren (algemeen),â‚¬ 369,"Opleiderscore: star 8,9 ",E-Learning,"ğŸ—‚ C# 70-483 Programming in C# Update| ğŸ‡¬ğŸ‡§ Taal: Engels | ğŸ—“ Abonnement: per jaar | ğŸ¯Vakgebieden: IT, persoonlijk, internet.ğŸ“² PC, mobiel, tablâ€¦",https://www.springest.nl//oem-office-elearning-menu/70-483-programming-in-c
98,"70-740 Microsoft Windows Server 2016 Installation, Storage and Computing - MCSA Windows Server 2016",â‚¬ 369,"Opleiderscore: star 8,9 ",E-Learning,"ğŸ—‚ 70-740 Microsoft Windows Server 2016 Installation, Storage and Computing - MCSA Windows Server 2016| ğŸ‡¬ğŸ‡§ Taal: Engels | ğŸ—“ Abonnement: per â€¦",https://www.springest.nl//oem-office-elearning-menu/online-training-70-740-microsoft-windows-server-2016-intallation-storage-and-computing
99,Microsoft Azure: MS-101 Microsoft 365 Mobility and Security  - Microsoft Azure - Cloud Computing - Windows Azure - Cloud Security,â‚¬ 369,"Opleiderscore: star 8,9 ",E-Learning,"ğŸ—‚ MS-101 Microsoft 365 Mobility and Security| ğŸ‡¬ğŸ‡§ Taal: Engels | ğŸ—“ Abonnement: per jaar | ğŸ¯Vakgebieden: IT, persoonlijk, internet.ğŸ“² PC, mobiâ€¦",https://www.springest.nl//oem-office-elearning-menu/ms-101-microsoft-365-mobility-and-security-3
100,AZ-900 Microsoft Azure Fundamentals - Microsoft Azure - Cloud Computing - Azure IaaS - Windows Azure- IT voor niet IT-ers - Cloud Security,â‚¬ 369,"Opleiderscore: star 8,9 ",E-Learning,"ğŸ—‚ AZ-900 Microsoft Azure Fundamentals certificeringspakket| ğŸ‡¬ğŸ‡§ Taal: Engels | ğŸ—“ Abonnement: per jaar | ğŸ¯Vakgebieden: IT, persoonlijk, interâ€¦",https://www.springest.nl//oem-office-elearning-menu/microsoft-azure-fundamentals-az-900-update
101,Microsoft Azure: AZ-304 Microsoft Azure Architect Designs - Databases - Database ontwerp / design - Windows Azure - Azure IaaS - Cloud Compâ€¦,â‚¬ 369,"Opleiderscore: star 8,9 ",E-Learning,"ğŸ—‚ AZ-304 Microsoft Azure Architect Designs| ğŸ‡¬ğŸ‡§ Taal: Engels | ğŸ—“ Abonnement: per jaar | ğŸ¯Vakgebieden: IT, persoonlijk, internet.ğŸ“² PC, mobielâ€¦",https://www.springest.nl//oem-office-elearning-menu/az-304-microsoft-azure-architect-designs
102,Cisco: Implementing and Operating Cisco Collaboration Core Technologies CLCOR 350-801,â‚¬ 279,"Opleiderscore: star 8,9 ",E-Learning,ğŸ—‚ Implementing and Operating Cisco Collaboration Core Technologies CLCOR 350-801| ğŸ‡¬ğŸ‡§ Taal: Engels | ğŸ—“ Abonnement: per jaar | ğŸ¯Vakgebieden: â€¦,https://www.springest.nl//oem-office-elearning-menu/cisco-cisco-350-801-implementing-and-operating-cisco-collaboration-core-technologies-clcor
103,MS-700 Managing Microsoft Teams - Microsoft Office 365 - Online communicatie - Digitale communicatie - Vergaderen - Effectief vergaderen - â€¦,â‚¬ 299,"Opleiderscore: star 8,9 ",E-Learning,"ğŸ—‚ MS-700 Managing Microsoft Teams| ğŸ‡¬ğŸ‡§ Taal: Engels | ğŸ—“ Abonnement: per jaar | ğŸ¯Vakgebieden: IT, persoonlijk, internet.ğŸ“² PC, mobiel, tablet â€¦",https://www.springest.nl//oem-office-elearning-menu/microsoft-ms-700-managing-microsoft-teams
104,Oracle: Oracle Database 12c â€“ Install and Upgrade 1Z0-062  - Databases - SQL,â‚¬ 299,"Opleiderscore: star 8,9 ",E-Learning,"ğŸ—‚ Oracle Database 12c â€“ Install and Upgrade 1Z0-062| ğŸ‡¬ğŸ‡§ Taal: Engels | ğŸ—“ Abonnement: per jaar | ğŸ¯Vakgebieden: IT, persoonlijk, internet.ğŸ“² Pâ€¦",https://www.springest.nl//oem-office-elearning-menu/oracle-oracle-database-12c-install-and-upgrade-1z0-062
105,Cisco: Cisco 210-260 Implementing Cisco Network Security (IINS),â‚¬ 369,"Opleiderscore: star 8,9 ",E-Learning,"ğŸ—‚ Cisco 210-260 Implementing Cisco Network Security (IINS)| ğŸ‡¬ğŸ‡§ Taal: Engels | ğŸ—“ Abonnement: per jaar | ğŸ¯Vakgebieden: IT, persoonlijk, interâ€¦",https://www.springest.nl//oem-office-elearning-menu/cisco-210-260-iins
106,Microsoft Azure: Microsoft Azure HDInsight exam 70-775,â‚¬ 379,"Opleiderscore: star 8,9 ",E-Learning,"ğŸ—‚ Microsoft Azure HDInsight exam 70-775| ğŸ‡¬ğŸ‡§ Taal: Engels | ğŸ—“ Abonnement: per jaar | ğŸ¯Vakgebieden: IT, persoonlijk, internet.ğŸ“² PC, mobiel, tâ€¦",https://www.springest.nl//oem-office-elearning-menu/microsoft-azure-hdinsight-exam-70-775
107,MS-100 Microsoft 365 Identity and Services - Microsoft Azure - Cloud Computing - Windows Azure,â‚¬ 359,"Opleiderscore: star 8,9 ",E-Learning,"ğŸ—‚ MS-100 Microsoft 365 Identity and Services| ğŸ‡¬ğŸ‡§ Taal: Engels | ğŸ—“ Abonnement: per jaar | ğŸ¯Vakgebieden: IT, persoonlijk, internet.ğŸ“² PC, mobiâ€¦",https://www.springest.nl//oem-office-elearning-menu/ms-100-microsoft-365-identity-and-services-2
108,Microsoft Power BI Data Analyst PL-300 - Microsoft Power Platform - Microsoft Power Automate - Power BI - Business Intelligence - Business â€¦,â‚¬ 299,"Opleiderscore: star 8,9 ",E-Learning,"ğŸ—‚ Microsoft Power BI Data Analyst PL-300 certificeringspakket| ğŸ‡¬ğŸ‡§ Taal: Engels | ğŸ—“ Abonnement: per jaar | ğŸ¯Vakgebieden: IT, persoonlijk, inâ€¦",https://www.springest.nl//oem-office-elearning-menu/pl-300-microsoft-power-bi-data-analyst-2
109,70-334 Microsoft Skype for Business 2015 Trainingspakket,â‚¬ 299,"Opleiderscore: star 8,9 ",E-Learning,"ğŸ—‚ 70-334 Microsoft Skype for Business 2015 Trainingspakket| ğŸ‡¬ğŸ‡§ Taal: Engels | ğŸ—“ Abonnement: per jaar | ğŸ¯Vakgebieden: IT, persoonlijk, interâ€¦",https://www.springest.nl//oem-office-elearning-menu/70-334-core-solutions-of-microsoft-skype-for-business-2015
110,70-341 Core Solutions of Microsoft Exchange Server 2013,â‚¬ 369,"Opleiderscore: star 8,9 ",E-Learning,"ğŸ—‚ 70-341 Core Solutions of Microsoft Exchange Server 2013| ğŸ‡¬ğŸ‡§ Taal: Engels | ğŸ—“ Abonnement: per jaar | ğŸ¯Vakgebieden: IT, persoonlijk, internâ€¦",https://www.springest.nl//oem-office-elearning-menu/70-341-core-solutions-of-microsoft-exchange-server-2013
111,Cisco: Cisco 300-710 Securing Networks with Cisco Firepower (SNCF),â‚¬ 369,"Opleiderscore: star 8,9 ",E-Learning,"ğŸ—‚ Cisco 300-710 Securing Networks with Cisco Firepower (SNCF)| ğŸ‡¬ğŸ‡§ Taal: Engels | ğŸ—“ Abonnement: per jaar | ğŸ¯Vakgebieden: IT, persoonlijk, inâ€¦",https://www.springest.nl//oem-office-elearning-menu/cisco-cisco-300-710-securing-networks-with-cisco-firepower-sncf
112,AI-900 Azure AI Fundamentals - Artificial Intelligence - Machine learning - NLP - Microsoft Azure - Windows Azure,â‚¬ 259,"Opleiderscore: star 8,9 ",E-Learning,"ğŸ—‚ AI-900 Azure AI Fundamentals certificeringspakket| ğŸ‡¬ğŸ‡§ Taal: Engels | ğŸ—“ Abonnement: per jaar | ğŸ¯Vakgebieden: IT, persoonlijk, internet.ğŸ“² Pâ€¦",https://www.springest.nl//oem-office-elearning-menu/ai-900-azure-ai-fundamentals-e-learning
113,Icademy Abonnement,â‚¬ 324,Opleiderscore: star 7 ,E-Learning,"ğŸ—‚ 260 online cursussen | ğŸ‡³ğŸ‡± Taal: Nederlands | ğŸ—“ Abonnement: per jaar | ğŸ¯Vakgebieden: taal, marketing, persoonlijk, internet, projectmanageâ€¦",https://www.springest.nl//icademy/icademy-abonnement
114,icttrainingen.nl abonnement,â‚¬ 792,"Opleiderscore: star 6,6 ",E-Learning,"ğŸ—‚ 700 online cursussen | ğŸ‡³ğŸ‡± Taal: Nederlands | ğŸ—“ Abonnement: per jaar | ğŸ¯Vakgebieden: IT, business, projectmanagement, internet Op dit momeâ€¦",https://www.springest.nl//icttrainingen-nl/icttrainingen-nl-abonnement
115,CADlearning - 12 month licence,â‚¬ 339,,E-Learning,"ğŸ—‚ 35.000+ online lessen | ğŸ‡¬ğŸ‡§ Taal: Engels | ğŸ—“ Abonnement: jaar | ğŸ¯ Vakgebieden: IT, design [product-intro] CADLearning delivers the best Auâ€¦",https://www.springest.nl//cadline/cadlearning-12-month-licence
116,CADLearning verlenging,â‚¬ 339,,E-Learning,Verlenging huidige toegang tot de portal van CADLearning ğŸ—‚ 35.000+ online lessen | ğŸ‡¬ğŸ‡§ Taal: Engels | ğŸ—“ Abonnement: jaar | ğŸ¯ Vakgebieden: ITâ€¦,https://www.springest.nl//cadline/cadlearning-verlenging
117,IT-University Subscription,â‚¬ 995,,E-Learning,"ğŸ—‚ 500 online cursussen | ğŸ‡³ğŸ‡±ğŸ‡¬ğŸ‡§ Taal: Nederlands en Engels | ğŸ—“ Abonnement: per jaar | ğŸ¯Vakgebieden: IT, security, projectmanagement Now folloâ€¦",https://www.springest.nl//it-university/t-university-subscription
118,NCOI Online Academy abonnement (Nederlands),â‚¬ 163,,E-Learning,"ğŸ—‚ 190 online cursussen | ğŸ‡³ğŸ‡± Taal: Nederlands | ğŸ—“ Abonnement: per maand | ğŸ¯Vakgebieden: taal, marketing, persoonlijk, internet, projectmanagâ€¦",https://www.springest.nl//online-academy/ncoi-online-academy-abonnement
119,DataCamp Subscription,â‚¬ 300,,E-Learning,"ğŸ—‚ 400 online cursussen | ğŸ‡¬ğŸ‡§ Taal: Engels | ğŸ—“ Abonnement: per jaar | ğŸ¯Vakgebieden: IT, data science Learn Data Science Online The skills peoâ€¦",https://www.springest.nl//datacamp/datacamp-subscription
120,Coursera Plus Subscription,â‚¬ 358,"Opleiderscore: star 7,2 ",E-Learning,"ğŸ—‚ 3000+ online cursussen | ğŸ‡¬ğŸ‡§ Taal: Engels | ğŸ—“ Abonnement: per jaar | ğŸ¯Vakgebieden: design, marketing, persoonlijk, internet, projectmanageâ€¦",https://www.springest.nl//coursera/coursera-plus-subscription
121,OpenSesame Subscription,"â‚¬ 241,89",,E-Learning,"ğŸ—‚ 5000 online cursussen | ğŸ‡¬ğŸ‡§ ğŸ‡«ğŸ‡· Taal: Engels en Frans | ğŸ—“ Abonnement: per maand | ğŸ¯Vakgebieden: IT, safety, business, management OpenSesameâ€¦",https://www.springest.nl//opensesame/opensesame-subscription
122,LinkedIn Learning Subscription,"â‚¬ 239,88",,E-Learning,"ğŸ—‚ 15 000 online cursussen | ğŸ‡¬ğŸ‡§ Taal: Engels | ğŸ—“ Abonnement: per jaar | ğŸ¯Vakgebieden: sales, marketing, persoonlijk, internet, projectmanageâ€¦",https://www.springest.nl//linkedin-learning/linkedin-learning-subscription
123,FutureLearn Subscription,"â‚¬ 239,99",,E-Learning,"ğŸ—‚ 643 online cursussen | ğŸ‡¬ğŸ‡§ Taal: Engels | ğŸ—“ Abonnement: per jaar | ğŸ¯ Vakgebieden: business, management, persoonlijk, taal, IT, marketing, â€¦",https://www.springest.nl//future-learn/futurelearn-subscription
124,Duolingo abonnement - online alle talen leren,Gratis,Opleiderscore: star 7 ,E-Learning,ğŸ—‚ 30 talen beschikbaar | ğŸ‡³ğŸ‡± Taal: Nederlands | ğŸ—“ Abonnement: per jaar | ğŸ¯Vakgebieden: taal De beste nieuwe manier om een taal te leren. Lerâ€¦,https://www.springest.nl//duolingo/duolingo-abonnement-online-alle-talen-leren
125,OpenClassrooms Subscription,Gratis,,E-Learning,"ğŸ—‚ 600+ online cursussen | ğŸ‡¬ğŸ‡§ ğŸ‡«ğŸ‡· Taal: Engels en Frans | ğŸ—“ Abonnement: per jaar | ğŸ¯Vakgebieden: taal, marketing, persoonlijk, internet, projâ€¦",https://www.springest.nl//openclassrooms/openclassrooms-subscription
126,EdX subscription,Gratis,,E-Learning,"ğŸ—‚ 2000+ online cursussen | ğŸ‡¬ğŸ‡§ Taal: Engels | ğŸ—“ Abonnement: per jaar | ğŸ¯Vakgebieden: marketing, persoonlijk, internet, projectmanagement, juâ€¦",https://www.springest.nl//edx/edx-all-you-can-learn
127,Skillshare Subscription,Gratis,,E-Learning,"ğŸ—‚ 150+ online cursussen | ğŸ‡¬ğŸ‡§ Taal: Engels | ğŸ—“ Abonnement: per jaar | ğŸ¯Vakgebieden: design, marketing, business, internet At Skillshare, weâ€™â€¦",https://www.springest.nl//skillshare/skillshare-subscription
128,Red Hat Subscription,â‚¬ 5.350,,E-Learning,"ğŸ—‚ 1000 online cursussen | ğŸ‡¬ğŸ‡§ Taal: Engels | ğŸ—“ Abonnement: per jaar | ğŸ¯Vakgebieden: IT, Red Hat Red Hat Learning Subscription Fill skills gaâ€¦",https://www.springest.nl//red-hat/red-hat-subscription
129,Learn Enough Subscription,â‚¬ 108,,E-Learning,ğŸ—‚ 9 learning tracks | ğŸ‡¬ğŸ‡§ Taal: Engels | ğŸ—“ Abonnement: per jaar | ğŸ¯Vakgebieden: IT WHATâ€™S IN A SUBSCRIPTION? The Learn Enough tutorials and â€¦,https://www.springest.nl//learn-enough/learn-enough-subscription
130,Citrix All-Access Learning Subscription,â‚¬ 1.200,,E-Learning,"ğŸ—‚ 200+ online cursussen | ğŸ‡¬ğŸ‡§ Taal: Engels | ğŸ—“ Abonnement: per jaar | ğŸ¯Vakgebieden: IT, Citrix Train at your own pace with the Citrix All-Acâ€¦",https://www.springest.nl//citrix-education/citrix-all-access-learning-subscription
